source_structure	source_paper_residue	source_expected_aa	role	alignment_column	O67940_residue	O67940_aa	O67940_resnum	2Q6O_residue	2Q6O_aa	2Q6O_resnum	1RQP_residue	1RQP_aa	1RQP_resnum	source_residue_check
2Q6O_chainA	Asp11	D	functional_site	9	Asp8	D	8	Asp11	D	11	Asp16	D	16	OK
2Q6O_chainA	Ala18	A	functional_site	16	Phe15	F	15	Ala18	A	18	Ser23	S	23	OK
2Q6O_chainA	Tyr70	Y	catalytic_site_Tyr70Thr_mutation_position	68	Val67	V	67	Thr70	T	70	Thr75	T	75	expected_Y_found_T
2Q6O_chainA	Tyr72	Y	functional_site	70	Asp69	D	69	Tyr72	Y	72	Tyr77	Y	77	OK
2Q6O_chainA	Gly131	G	catalytic_site_specificity_relevant	151	Gly127	G	127	Gly131	G	131	Ser158	S	158	OK
2Q6O_chainA	Asp183	D	functional_site	203	Asp177	D	177	Asp183	D	183	Asp210	D	210	OK
2Q6O_chainA	Asn188	N	functional_site	208	Asn181	N	181	Asn188	N	188	Asn215	N	215	OK
2Q6O_chainA	Ser242	S	functional_site	264	Ser221	S	221	Ser242	S	242	Ser269	S	269	OK
2Q6O_chainA	Arg243	R	functional_site	265	Phe222	F	222	Arg243	R	243	Arg270	R	270	OK
2Q6O_chainA	Arg250	R	functional_site	272	Val229	V	229	Leu250	L	250	Arg277	R	277	expected_R_found_L
2Q6O_chainA	Glu252	E	functional_site	274	Val231	V	231	Gln252	Q	252	Ala279	A	279	expected_E_found_Q
1RQP_chainA	Asp16	D	functional_site	9	Asp8	D	8	Asp11	D	11	Asp16	D	16	OK
1RQP_chainA	Ser23	S	functional_site	16	Phe15	F	15	Ala18	A	18	Ser23	S	23	OK
1RQP_chainA	Thr75	T	catalytic_site_specificity_relevant	68	Val67	V	67	Thr70	T	70	Thr75	T	75	OK
1RQP_chainA	Tyr77	Y	functional_site	70	Asp69	D	69	Tyr72	Y	72	Tyr77	Y	77	OK
1RQP_chainA	Ser158	S	catalytic_site_specificity_relevant	151	Gly127	G	127	Gly131	G	131	Ser158	S	158	OK
1RQP_chainA	Asp210	D	functional_site	203	Asp177	D	177	Asp183	D	183	Asp210	D	210	OK
1RQP_chainA	Asn215	N	functional_site	208	Asn181	N	181	Asn188	N	188	Asn215	N	215	OK
1RQP_chainA	Ser269	S	functional_site	264	Ser221	S	221	Ser242	S	242	Ser269	S	269	OK
1RQP_chainA	Arg270	R	functional_site	265	Phe222	F	222	Arg243	R	243	Arg270	R	270	OK
1RQP_chainA	Arg277	R	functional_site	272	Val229	V	229	Leu250	L	250	Arg277	R	277	OK
1RQP_chainA	Ala279	A	functional_site	274	Val231	V	231	Gln252	Q	252	Ala279	A	279	OK
